{"cameraMode":{"drawMode":0,"name":"Shaded","section":"Shading Mode"},"sceneLighting":true,"audioPlay":false,"sceneViewState":{"m_AlwaysRefresh":false,"showFog":true,"showSkybox":true,"showFlares":true,"showImageEffects":true,"showParticleSystems":true,"showVisualEffectGraphs":true,"m_FxEnabled":true},"in2DMode":false,"pivot":{"x":794.7000122070313,"y":6.199999809265137,"z":347.20001220703127},"rotation":{"x":-0.26687341928482058,"y":0.4204581379890442,"z":-0.13089467585086823,"w":-0.8572418093681336},"size":1436.7603759765625,"orthographic":true}