{"cameraMode":{"drawMode":0,"name":"Shaded","section":"Shading Mode"},"sceneLighting":false,"audioPlay":false,"sceneViewState":{"m_AlwaysRefresh":false,"showFog":true,"showSkybox":false,"showFlares":true,"showImageEffects":true,"showParticleSystems":true,"showVisualEffectGraphs":true,"m_FxEnabled":true},"in2DMode":false,"pivot":{"x":1.6237680912017823,"y":-0.5202445983886719,"z":-0.07793474197387696},"rotation":{"x":-0.26064062118530276,"y":0.048069678246974948,"z":-0.012944075278937817,"w":-0.9642259478569031},"size":4.35496187210083,"orthographic":false}