{"cameraMode":{"drawMode":0,"name":"Shaded","section":"Shading Mode"},"sceneLighting":false,"audioPlay":false,"sceneViewState":{"m_AlwaysRefresh":false,"showFog":true,"showSkybox":false,"showFlares":true,"showImageEffects":true,"showParticleSystems":true,"showVisualEffectGraphs":true,"m_FxEnabled":true},"in2DMode":false,"pivot":{"x":-0.011474847793579102,"y":0.25583356618881228,"z":-0.007095277309417725},"rotation":{"x":-0.20640358328819276,"y":0.13775624334812165,"z":-0.029306698590517045,"w":-0.9683512449264526},"size":0.7824363112449646,"orthographic":false}