{"cameraMode":{"drawMode":0,"name":"Shaded","section":"Shading Mode"},"sceneLighting":false,"audioPlay":false,"sceneViewState":{"m_AlwaysRefresh":false,"showFog":true,"showSkybox":false,"showFlares":true,"showImageEffects":true,"showParticleSystems":true,"showVisualEffectGraphs":true,"m_FxEnabled":true},"in2DMode":false,"pivot":{"x":-0.05339252948760986,"y":0.40744349360466006,"z":0.03427499532699585},"rotation":{"x":0.16869772970676423,"y":0.21883119642734528,"z":-0.03905906528234482,"w":0.9605134725570679},"size":1.3231834173202515,"orthographic":true}