{"cameraMode":{"drawMode":0,"name":"Shaded","section":"Shading Mode"},"sceneLighting":false,"audioPlay":false,"sceneViewState":{"m_AlwaysRefresh":false,"showFog":true,"showSkybox":false,"showFlares":true,"showImageEffects":true,"showParticleSystems":true,"showVisualEffectGraphs":true,"m_FxEnabled":true},"in2DMode":false,"pivot":{"x":0.028080344200134279,"y":1.0924620628356934,"z":-0.1251608282327652},"rotation":{"x":-0.20640358328819276,"y":0.13775624334812165,"z":-0.029306698590517045,"w":-0.9683512449264526},"size":1.4441636800765992,"orthographic":false}